stage,paper_identifier,source_file,start_line,end_line,expected_token,occurrence_hint,handling,status,actual_line,source_text
G13->G14,dispatchInboundMessage(...) Gateway boundary,src/gateway/server-methods/chat.ts,4794,4797,dispatchInboundMessage,contains=const dispatchResult = await dispatchInboundMessage,token,PASS,4794,              const dispatchResult = await dispatchInboundMessage({
G14,dispatchInboundMessage(params) function,src/auto-reply/dispatch.ts,528,583,dispatchInboundMessage,contains=export async function dispatchInboundMessage(params,token,PASS,528,export async function dispatchInboundMessage(params: {
G14,applyRuntimeToolsAllow(...) call,src/auto-reply/dispatch.ts,538,538,applyRuntimeToolsAllow,line=538,token,PASS,538,"  const replyOptions = applyRuntimeToolsAllow(params.replyOptions, params.toolsAllow);"
G14,applyRuntimeToolsAllow(...) helper,src/auto-reply/dispatch.ts,69,80,applyRuntimeToolsAllow,contains=function applyRuntimeToolsAllow,token,PASS,69,function applyRuntimeToolsAllow(
G14,bindReplyPayloadRunState(...) call,src/auto-reply/dispatch.ts,542,542,bindReplyPayloadRunState,line=542,token,PASS,542,"  const replyOptionsWithRunState = bindReplyPayloadRunState(replyOptions, replyPayloadRunState);"
G14,bindReplyPayloadRunState(...) helper,src/auto-reply/dispatch.ts,410,422,bindReplyPayloadRunState,contains=function bindReplyPayloadRunState,token,PASS,410,function bindReplyPayloadRunState(
G14,finalizeInboundContext(params.ctx),src/auto-reply/dispatch.ts,543,551,finalizeInboundContext,contains=() => finalizeInboundContext,token,PASS,545,"    () => finalizeInboundContext(params.ctx),"
G14,isDiagnosticsEnabled(params.cfg),src/auto-reply/dispatch.ts,552,552,isDiagnosticsEnabled,line=552,token,PASS,552,  if (isDiagnosticsEnabled(params.cfg)) {
G14,installReplyPayloadSendingBeforeDeliver(...) call,src/auto-reply/dispatch.ts,561,561,installReplyPayloadSendingBeforeDeliver,line=561,token,PASS,561,"  installReplyPayloadSendingBeforeDeliver(params.dispatcher, finalized, replyPayloadRunState);"
G14,installReplyPayloadSendingBeforeDeliver(...) helper,src/auto-reply/dispatch.ts,424,438,installReplyPayloadSendingBeforeDeliver,contains=function installReplyPayloadSendingBeforeDeliver,token,PASS,424,function installReplyPayloadSendingBeforeDeliver(
G14,dispatchReplyFromConfig(...) nested call,src/auto-reply/dispatch.ts,568,575,dispatchReplyFromConfig,contains=dispatchReplyFromConfig({,token,PASS,568,          dispatchReplyFromConfig({
G14,finalizeDispatchResult(...) helper,src/auto-reply/dispatch.ts,488,524,finalizeDispatchResult,contains=function finalizeDispatchResult,token,PASS,488,function finalizeDispatchResult(
G14,"finalizeDispatchResult(result, params.dispatcher)",src/auto-reply/dispatch.ts,583,583,finalizeDispatchResult,line=583,token,PASS,583,"  return finalizeDispatchResult(result, params.dispatcher);"
G16,dispatchReplyFromConfig(params) function,src/auto-reply/reply/dispatch-from-config.ts,1215,1228,dispatchReplyFromConfig,contains=export async function dispatchReplyFromConfig,token,PASS,1215,export async function dispatchReplyFromConfig(
G16,diagnostics_enabled = isDiagnosticsEnabled(cfg),src/auto-reply/reply/dispatch-from-config.ts,1225,1225,isDiagnosticsEnabled,line=1225,token,PASS,1225,  const diagnosticsEnabled = isDiagnosticsEnabled(cfg);
G16,channel = normalize(ctx.Surface or ctx.Provider),src/auto-reply/reply/dispatch-from-config.ts,1226,1226,normalizeLowercaseStringOrEmpty,line=1226,token,PASS,1226,"  const channel = normalizeLowercaseStringOrEmpty(ctx.Surface ?? ctx.Provider ?? ""unknown"");"
G16,session_key = ctx.SessionKey or ctx.CommandTargetSessionKey,src/auto-reply/reply/dispatch-from-config.ts,1229,1230,sessionKey,line=1229,token,PASS,1229,  const sessionKey =
G16,"initial_session = resolveSessionStoreLookup(ctx,cfg)",src/auto-reply/reply/dispatch-from-config.ts,1233,1233,resolveSessionStoreLookup,line=1233,token,PASS,1233,"  const initialSessionStoreEntry = resolveSessionStoreLookup(ctx, cfg);"
G16,resolveSessionStoreLookup helper,src/auto-reply/reply/dispatch-from-config.ts,441,470,resolveSessionStoreLookup,contains=const resolveSessionStoreLookup,token,PASS,441,const resolveSessionStoreLookup = (
G16,createDiagnosticMessageLifecycle(...),src/auto-reply/reply/dispatch-from-config.ts,1246,1257,createDiagnosticMessageLifecycle,line=1246,token,PASS,1246,  const messageLifecycle = createDiagnosticMessageLifecycle({
G16,"traceReplyPhase(name, run)",src/auto-reply/reply/dispatch-from-config.ts,1266,1273,traceReplyPhase,contains=const traceReplyPhase,token,PASS,1266,"  const traceReplyPhase = <T>(name: string, run: () => Promise<T> | T): Promise<T> =>"
G16,recordAgentDispatchStarted helper,src/auto-reply/reply/dispatch-from-config.ts,1295,1305,recordAgentDispatchStarted,contains=const recordAgentDispatchStarted,token,PASS,1295,  const recordAgentDispatchStarted = () => {
G16,recordAgentDispatchCompleted helper,src/auto-reply/reply/dispatch-from-config.ts,1307,1326,recordAgentDispatchCompleted,contains=const recordAgentDispatchCompleted,token,PASS,1307,  const recordAgentDispatchCompleted = (
G16,resolveBoundAcpDispatchSessionKey(...),src/auto-reply/reply/dispatch-from-config.ts,1341,1341,resolveBoundAcpDispatchSessionKey,line=1341,token,PASS,1341,"  const boundAcpDispatchSessionKey = resolveBoundAcpDispatchSessionKey({ ctx, cfg });"
G16,sessionStoreEntry = resolveSessionStoreLookup(...),src/auto-reply/reply/dispatch-from-config.ts,1378,1380,resolveSessionStoreLookup,line=1379,token,PASS,1379,"    ? resolveSessionStoreLookup({ ...ctx, SessionKey: boundAcpDispatchSessionKey }, cfg)"
G16,resolveSessionAgentId(...) G17 call,src/auto-reply/reply/dispatch-from-config.ts,1422,1426,resolveSessionAgentId,line=1422,token,PASS,1422,  const sessionAgentId = resolveSessionAgentId({
G16,"resolveAgentConfig(cfg, sessionAgentId)",src/auto-reply/reply/dispatch-from-config.ts,1427,1427,resolveAgentConfig,line=1427,token,PASS,1427,"  const sessionAgentCfg = resolveAgentConfig(cfg, sessionAgentId);"
G16,createShouldEmitVerboseProgress(...),src/auto-reply/reply/dispatch-from-config.ts,1428,1439,createShouldEmitVerboseProgress,line=1428,token,PASS,1428,  const verboseProgress = createShouldEmitVerboseProgress({
G16,resolveEffectiveReplyRoute(...),src/auto-reply/reply/dispatch-from-config.ts,1442,1442,resolveEffectiveReplyRoute,line=1442,token,PASS,1442,"  const replyRoute = resolveEffectiveReplyRoute({ ctx, entry: sessionStoreEntry.entry });"
G16,resolveRoutedDeliveryThreadId(...),src/auto-reply/reply/dispatch-from-config.ts,1447,1450,resolveRoutedDeliveryThreadId,line=1447,token,PASS,1447,  const routeThreadId = resolveRoutedDeliveryThreadId({
G16,runWithDispatchLifecycleAdmission(...) helper,src/auto-reply/reply/dispatch-from-config.ts,1521,1528,runWithDispatchLifecycleAdmission,contains=const runWithDispatchLifecycleAdmission,token,PASS,1521,  const runWithDispatchLifecycleAdmission = async <T>(run: () => Promise<T>): Promise<T> => {
G16,ensureDispatchReplyOperation(...) helper,src/auto-reply/reply/dispatch-from-config.ts,1533,1623,ensureDispatchReplyOperation,contains=const ensureDispatchReplyOperation,token,PASS,1533,  const ensureDispatchReplyOperation = async (
G16,requestStuckDiagnosticSessionRecovery(...),src/auto-reply/reply/dispatch-from-config.ts,1599,1608,requestStuckDiagnosticSessionRecovery,line=1602,token,PASS,1602,      requestStuckDiagnosticSessionRecovery({
G16,admitReplyTurn(...),src/auto-reply/reply/dispatch-from-config.ts,1609,1623,admitReplyTurn,line=1609,token,PASS,1609,    let admission = await admitReplyTurn({
G16,loadRuntimePlugins(),src/auto-reply/reply/dispatch-from-config.ts,1877,1879,loadRuntimePlugins,"contains=loadRuntimePlugins(),",token,PASS,1878,"    loadRuntimePlugins(),"
G16,ensureRuntimePluginsLoaded(...),src/auto-reply/reply/dispatch-from-config.ts,1880,1882,ensureRuntimePluginsLoaded,line=1881,token,PASS,1881,"    ensureRuntimePluginsLoaded({ config: cfg, workspaceDir });"
G16,getGlobalHookRunner(),src/auto-reply/reply/dispatch-from-config.ts,1883,1883,getGlobalHookRunner,line=1883,token,PASS,1883,  const hookRunner = getGlobalHookRunner();
G16,stageRemoteInboundMediaIfNeeded(...),src/auto-reply/reply/dispatch-from-config.ts,1916,1924,stageRemoteInboundMediaIfNeeded,line=1917,token,PASS,1917,      stageRemoteInboundMediaIfNeeded({
G16,resolveReplyRoutingDecision(...),src/auto-reply/reply/dispatch-from-config.ts,2003,2011,resolveReplyRoutingDecision,line=2003,token,PASS,2003,  } = resolveReplyRoutingDecision({
G16,resolveSendPolicy(...),src/auto-reply/reply/dispatch-from-config.ts,2184,2196,resolveSendPolicy,line=2184,token,PASS,2184,  const sendPolicy = resolveSendPolicy({
G16,resolveEffectiveToolPolicy(...),src/auto-reply/reply/dispatch-from-config.ts,2206,2210,resolveEffectiveToolPolicy,line=2206,token,PASS,2206,  } = resolveEffectiveToolPolicy({
G16,"isToolAllowedByPolicies(""message"", ...)",src/auto-reply/reply/dispatch-from-config.ts,2289,2299,isToolAllowedByPolicies,line=2289,token,PASS,2289,"  const messageToolAvailable = isToolAllowedByPolicies(""message"", ["
G16,resolveSourceReplyVisibilityPolicy(...),src/auto-reply/reply/dispatch-from-config.ts,2300,2321,resolveSourceReplyVisibilityPolicy,line=2300,token,PASS,2300,  const sourceReplyPolicy = resolveSourceReplyVisibilityPolicy({
G16,claimInboundDedupe(ctx),src/auto-reply/reply/dispatch-from-config.ts,2342,2359,claimInboundDedupe,line=2342,token,PASS,2342,  const inboundDedupeClaim = claimInboundDedupe(ctx);
G16,emitMessageReceivedHooks(),src/auto-reply/reply/dispatch-from-config.ts,2399,2425,emitMessageReceivedHooks,contains=const emitMessageReceivedHooks,token,PASS,2399,  const emitMessageReceivedHooks = () => {
G16,"ensureDispatchReplyOperation(""pre_dispatch"")",src/auto-reply/reply/dispatch-from-config.ts,2478,2483,ensureDispatchReplyOperation,line=2478,token,PASS,2478,"    const preDispatchAcquisition = await ensureDispatchReplyOperation(""pre_dispatch"");"
G16,runWithDispatchLifecycleAdmission plugin path,src/auto-reply/reply/dispatch-from-config.ts,2525,2530,runWithDispatchLifecycleAdmission,line=2525,token,PASS,2525,              return await runWithDispatchLifecycleAdmission(
G16,"traceReplyPhase(""reply.before_dispatch_hooks"")",src/auto-reply/reply/dispatch-from-config.ts,2910,2947,traceReplyPhase,line=2910,token,PASS,2910,"      const beforeDispatchResult = await traceReplyPhase(""reply.before_dispatch_hooks"", () =>"
G16,runWithDispatchAbortSignal before_dispatch,src/auto-reply/reply/dispatch-from-config.ts,2913,2945,runWithDispatchAbortSignal,line=2913,token,PASS,2913,            await runWithDispatchAbortSignal(
G16,sendFinalPayload(...) handled before_dispatch,src/auto-reply/reply/dispatch-from-config.ts,2953,2968,sendFinalPayload,line=2953,token,PASS,2953,          const handledReply = await sendFinalPayload(
G16,"traceReplyPhase(""reply.reply_dispatch_hooks"")",src/auto-reply/reply/dispatch-from-config.ts,2974,3014,traceReplyPhase,line=2974,token,PASS,2974,"      const replyDispatchResult = await traceReplyPhase(""reply.reply_dispatch_hooks"", () =>"
G16,"ensureDispatchReplyOperation(""dispatch"")",src/auto-reply/reply/dispatch-from-config.ts,3025,3031,ensureDispatchReplyOperation,line=3025,token,PASS,3025,"    const dispatchAcquisition = await ensureDispatchReplyOperation(""dispatch"");"
G16,wrapProgressCallback callback block,src/auto-reply/reply/dispatch-from-config.ts,3297,3380,wrapProgressCallback,contains=const wrapProgressCallback,function-range-line-not-pinned,PASS,3297,    const wrapProgressCallback = <Args extends unknown[]>(
G18,replyResolver selection,src/auto-reply/reply/dispatch-from-config.ts,3381,3384,replyResolver,line=3381,token,PASS,3381,    const replyResolver =
G18,loadGetReplyFromConfigRuntime(),src/auto-reply/reply/dispatch-from-config.ts,3381,3384,loadGetReplyFromConfigRuntime,line=3383,token,PASS,3383,"      (await traceReplyPhase(""reply.load_reply_resolver"", () => loadGetReplyFromConfigRuntime()))"
G18,withFullRuntimeReplyConfig(...),src/auto-reply/reply/dispatch-from-config.ts,3385,3387,withFullRuntimeReplyConfig,line=3385,token,PASS,3385,    const replyConfig = withFullRuntimeReplyConfig(
G18,recordAgentDispatchStarted(),src/auto-reply/reply/dispatch-from-config.ts,3388,3388,recordAgentDispatchStarted,line=3388,token,PASS,3388,    recordAgentDispatchStarted();
G18,runWithDispatchLifecycleAdmission(...) resolver call,src/auto-reply/reply/dispatch-from-config.ts,3389,3811,runWithDispatchLifecycleAdmission,line=3389,token,PASS,3389,    const replyResult = await runWithDispatchLifecycleAdmission(
G18,runWithDispatchAbortSignal(...) resolver call,src/auto-reply/reply/dispatch-from-config.ts,3391,3811,runWithDispatchAbortSignal,line=3391,token,PASS,3391,        await runWithDispatchAbortSignal(
G18,"traceReplyPhase(""reply.run_reply_resolver"")",src/auto-reply/reply/dispatch-from-config.ts,3394,3811,traceReplyPhase,line=3394,token,PASS,3394,"            traceReplyPhase(""reply.run_reply_resolver"", () =>"
G18,"replyResolver(ctx, options, replyConfig)",src/auto-reply/reply/dispatch-from-config.ts,3395,3811,replyResolver,line=3395,token,PASS,3395,              replyResolver(
G16,takeCommandSessionMetadataChanges(ctx),src/auto-reply/reply/dispatch-from-config.ts,3812,3812,takeCommandSessionMetadataChanges,line=3812,token,PASS,3812,    const sessionMetadataChanges = takeCommandSessionMetadataChanges(ctx);
G16,"ensureDispatchReplyOperation(""dispatch"") after resolver",src/auto-reply/reply/dispatch-from-config.ts,3814,3825,ensureDispatchReplyOperation,line=3814,token,PASS,3814,"    const finalDispatchAcquisition = await ensureDispatchReplyOperation(""dispatch"");"
G16,replyResult normalized into replies,src/auto-reply/reply/dispatch-from-config.ts,3886,3886,replyResult,line=3886,token,PASS,3886,    const replies = replyResult ? (Array.isArray(replyResult) ? replyResult : [replyResult]) : [];
G16,flushPendingCommentaryProgress(),src/auto-reply/reply/dispatch-from-config.ts,3889,3889,flushPendingCommentaryProgress,line=3889,token,PASS,3889,    await flushPendingCommentaryProgress();
G16,"sendFinalPayload(reply, ...)",src/auto-reply/reply/dispatch-from-config.ts,3943,3943,sendFinalPayload,line=3943,token,PASS,3943,"      const finalReply = await sendFinalPayload(reply, { deliveryId: String(replyIndex) });"
G16,waitForPendingDirectBlockReplyDelivery(...) completion,src/auto-reply/reply/dispatch-from-config.ts,4040,4040,waitForPendingDirectBlockReplyDelivery,line=4040,token,PASS,4040,    await waitForPendingDirectBlockReplyDelivery(getDispatchAbortSignal());
G16,"recordAgentDispatchCompleted(""completed"")",src/auto-reply/reply/dispatch-from-config.ts,4044,4044,recordAgentDispatchCompleted,line=4044,token,PASS,4044,"    recordAgentDispatchCompleted(""completed"");"
G16,"recordProcessed(""completed"", ...)",src/auto-reply/reply/dispatch-from-config.ts,4045,4048,recordProcessed,line=4045,token,PASS,4045,    recordProcessed(
G16,completeDispatchReplyOperation(),src/auto-reply/reply/dispatch-from-config.ts,4050,4050,completeDispatchReplyOperation,line=4050,token,PASS,4050,    completeDispatchReplyOperation();
G16,attachSourceReplyDeliveryMode(...) return,src/auto-reply/reply/dispatch-from-config.ts,4051,4062,attachSourceReplyDeliveryMode,line=4051,token,PASS,4051,    return attachSourceReplyDeliveryMode({
G16,"recordAgentDispatchCompleted(""error"")",src/auto-reply/reply/dispatch-from-config.ts,4063,4078,recordAgentDispatchCompleted,line=4074,token,PASS,4074,"    recordAgentDispatchCompleted(""error"", { error: String(err) });"
G17,resolveSessionAgentId(...),src/auto-reply/reply/dispatch-from-config.ts,1422,1426,resolveSessionAgentId,line=1422,token,PASS,1422,  const sessionAgentId = resolveSessionAgentId({
G17,resolveAgentConfig(...),src/auto-reply/reply/dispatch-from-config.ts,1427,1427,resolveAgentConfig,line=1427,token,PASS,1427,"  const sessionAgentCfg = resolveAgentConfig(cfg, sessionAgentId);"
