stage,semantic_claim,pinned_source,pinned_content_status,instrumented_source,instrumented_content_status,paper_action
G0,connection handler calls resolveConnectAuthState,src/gateway/server/ws-connection/message-handler.ts:941-957,content_checked: call passes resolvedAuth connectAuth hasDeviceIdentity request proxy rate limiter and client IP,not cited,not checked,cite upstream call site and auth-context implementation
G0,resolveConnectAuthState builds shared/device auth state,src/gateway/server/ws-connection/auth-context.ts:126-186,content_checked: function resolves shared auth bootstrap/device candidates sharedAuthOk and returned state,not cited,not checked,cite upstream source; runtime records summarized values only
G1,shared credential authorization is invoked inside auth-state resolution,src/gateway/server/ws-connection/auth-context.ts:144-153,content_checked: authorizeWsControlUiGatewayConnect called with sharedConnectAuth and rate-limit scope,not cited,not checked,cite upstream call and R1 shared_credential_authorized event
G2,connection authentication decision is resolved and rejected on !authOk,src/gateway/server/ws-connection/message-handler.ts:1215-1285,content_checked: resolveConnectAuthDecision called with auth state role/scopes then rejects when authOk false,not cited,not checked,cite upstream source and R1 completed auth event
G3,chat.send method authorization checks role scope and admin shortcut,src/gateway/server-methods.ts:262-299,content_checked: authorizeGatewayMethod checks role then admin shortcut then registered operator scope,not cited,not checked,cite upstream source and avoid causal auth-method claim
G3,chat.send registered as operator.write,src/gateway/methods/core-descriptors.ts:231,content_checked: core descriptor declares chat.send scope operator.write,not cited,not checked,cite upstream descriptor
G3,operator required-scope check allows required scope or admin,src/gateway/method-scopes.ts:257-274,content_checked: required scope helper returns allowed for ADMIN_SCOPE or required operator scope,not cited,not checked,cite upstream helper
G4,chat.send request validation and admin-only field check,src/gateway/server-methods/chat.ts:3699-3769,content_checked: handler validates params and rejects explicit origin/provenance fields without admin scope,not cited,not checked,cite upstream source and R1 validation flags
G5,message sanitization and inboundMessage assignment,src/gateway/server-methods/chat.ts:3770-3784,content_checked: sanitizeChatSendMessageInput called and inboundMessage assigned,not cited,not checked,cite upstream source and R1 unchanged message event
G6,requested Agent override resolution,src/gateway/server-methods/chat.ts:3800-3809,content_checked: rawSessionKey agentIdOverride clientRunId and requestedAgentId are derived before session load,not cited,not checked,cite upstream source and R1 requestedAgentId none
G7,Session load returns canonical key,src/gateway/server-methods/chat.ts:3810-3824,content_checked: loadSessionEntry called and canonicalKey renamed to sessionKey,not cited,not checked,cite upstream source and R1 canonical session key
G8,selected Agent validation and deleted-Agent rejection,src/gateway/server-methods/chat.ts:3839-3863,content_checked: validateChatSelectedAgent result is checked and deletedAgentId can reject,not cited,not checked,cite upstream source and R1 pass
G9,effective Agent resolution,src/gateway/server-methods/chat.ts:3864-3874,content_checked: resolveSessionAgentId determines agentId and active run scope key is derived,not cited,not checked,cite upstream source and R1 agent main
G10,send policy evaluation and deny branch,src/gateway/server-methods/chat.ts:3891-3905,content_checked: resolveSendPolicy called and deny result rejects chat.send,not cited,not checked,cite upstream source and R1 allow
G10,send policy rule matching,src/sessions/send-policy.ts:76-159,content_checked: function handles override policy rules deny allow and fallback default,not cited,not checked,cite upstream source and rationale-level gap
G11,dedupe and duplicate-run guard,src/gateway/server-methods/chat.ts:3936-4005,content_checked: cached aborted pending active queued routing archived branches checked before new dispatch,not cited,not checked,cite upstream source and R1 new_dispatch
G12,work admission and abort registration,src/gateway/server-methods/chat.ts:4025-4170,content_checked: pending reservation begins session work admission and registers abort controller,not cited,not checked,cite upstream source and R1 admitted
G12,session work admission lease,src/sessions/session-lifecycle-admission.ts:327-378,content_checked: beginSessionWorkAdmission runs assertAllowed records active admission and returns release/run lease,not cited,not checked,cite upstream helper
G13,MsgContext construction,src/gateway/server-methods/chat.ts:4454-4545,content_checked: baseUserTurnInput and ctx include body session agent chat type message ID command turn and scopes,not cited,not checked,cite upstream source and R1 context values
G14,main chat.send dispatch invokes dispatchInboundMessage,src/gateway/server-methods/chat.ts:4788-4797,content_checked: contains gateway.chat_send.dispatch_inbound span and dispatchInboundMessage call at 4794,src/gateway/server-methods/chat.ts:4895,content_checked: same dispatchInboundMessage call shifted by instrumentation,cite pinned source plus instrumentation patch; avoid mixing local shifted line as pinned source
G14,dispatchInboundMessage finalizes context and calls dispatchReplyFromConfig,src/auto-reply/dispatch.ts:528-583,content_checked: function definition and dispatchReplyFromConfig call at 568,src/auto-reply/dispatch.ts:529-584 plus TraceClaw event at 544-551,content_checked: local patch adds G14 dispatch_inbound_entered before finalizeInboundContext,cite pinned source and mark returned fields not recorded
G15,finalizeInboundContext called before dispatchReplyFromConfig,src/auto-reply/dispatch.ts:543-551,content_checked: finalizeInboundContext measured before dispatcher path,src/auto-reply/dispatch.ts:544-551,content_checked: local patch surrounds finalized context path,cite upstream source and mark standalone full context not recorded
G16,dispatchReplyFromConfig entry / orchestration,src/auto-reply/reply/dispatch-from-config.ts:1215-1228,content_checked: dispatchReplyFromConfig function starts at 1215 and abort branch at entry,src/auto-reply/reply/dispatch-from-config.ts:1217-1228 plus TraceClaw event at 1349-1356,content_checked: local patch adds reply_dispatch_orchestration_entered event,replace broad 1215-4080 as primary anchor with narrower function-entry + instrumentation event anchors
G17,re-resolve effective downstream Agent,src/auto-reply/reply/dispatch-from-config.ts:1422-1427,content_checked: resolveSessionAgentId and resolveAgentConfig,src/auto-reply/reply/dispatch-from-config.ts:1438-1446,content_checked: local patch logs effective_agent_reresolved after resolution,explain shifted line numbers caused by inserted instrumentation
G18,select default/custom reply resolver,src/auto-reply/reply/dispatch-from-config.ts:3381-3384,content_checked: replyResolver assignment and loadGetReplyFromConfigRuntime,src/auto-reply/reply/dispatch-from-config.ts:3400-3415,content_checked: local patch logs reply_resolver_selected after resolver selection,cite upstream selection line and instrumentation event line separately
post-G18,resolver returns replyResult to Gateway path,src/auto-reply/reply/dispatch-from-config.ts:3809 onward,content_checked: replyResult exists before session metadata and return handling; upstream has no TraceClaw event,src/auto-reply/reply/dispatch-from-config.ts:3840-3859,content_checked: local patch logs reply_resolver_returned with result kind/count,mark return edge as observed only when instrumented runtime event exists
